pair,t,p,n
HAR vs EWM,8.6144076453936,2.308637146512958e-17,1141
LSTM vs EWM,24.44767703202676,1.8035434794228644e-106,1141
LSTM vs HAR,10.390286225927447,3.1820792813991496e-24,1141
