pair,t,p,n
HAR vs EWM,25.337344219378927,1.0361539801072303e-112,1141
LSTM vs EWM,46.62524424312598,2.023249457187273e-266,1141
LSTM vs HAR,33.20689039614765,1.055884555281466e-169,1141
