,pnl,pnl,pnl,ret,ret,ret,ret
,mean,std,count,mean,std,count,sharpe_like
model,,,,,,,
LSTM,76.95918007454897,63.09102522220329,1141,0.9338093059445003,0.8083848126130408,1141,1.1551544405255207
Blend,68.76986670364447,60.047277795949675,1141,0.7573153235478053,0.6831425114930273,1141,1.108575898594808
HAR,36.85318460906864,64.09862683402618,1141,0.3799372484073958,0.6414320635394138,1141,0.5923265611486813
EWM,2.6258806544705062,63.480123790878466,1141,0.058708964418184115,0.3624947299013778,1141,0.1619581184918049
