{
  "sigma1": {
    "har_rmse": 12.65626098091,
    "har_mae": 8.672425566098196,
    "ewm_rmse": 13.406537294918113,
    "ewm_mae": 9.83933847248284
  },
  "vol5f": {
    "har_rmse": 7.926629436981201,
    "har_mae": 5.258936167542989,
    "ewm_rmse": 8.32849985253082,
    "ewm_mae": 5.5457865261948305
  }
}