Horizon,Comparison,Loss,DM_stat,p_value
h5,HAR vs EWM,MSE,-0.058847119786037974,0.9530840041782764
h5,LSTM vs EWM,MSE,-2.514834031872814,0.012043103303560398
h5,LSTM vs HAR,MSE,-3.3891126598487813,0.0007247327175325946
h5,Blend vs EWM,MSE,-2.514834018971432,0.012043103741794514
h5,Blend vs HAR,MSE,-3.389112584135918,0.0007247329156687687
h5,Blend vs LSTM,MSE,0.9068442086557034,0.36467735972588766
